name,pos,team,salary,year
M.Strahan,DE,NYG,2.059998E7,2002
P.Manning,QB,IND,6301150.0,2002
E.Smith,RB,DAL,6003240.0,2002
A.Glenn,CB,HOU,1.134336E7,2002
J.Plummer,QB,ARI,5737500.0,2002
M.Brunell,QB,JAX,6253690.0,2002
C.Martin,RB,NYJ,1.35036E7,2002
K.Collins,QB,NYG,7503600.0,2002
C.Bratzke,DE,IND,4501440.0,2002
W.Sapp,DT,TB,5251530.0,2002
S.Gilbert,DT,CAR,3002520.0,2002
K.Stewart,QB,PIT,5302880.0,2002
B.Johnson,QB,TB,5503150.0,2002
W.McGinest,LB,NE,2505600.0,2002
J.Seau,LB,SD,3001350.0,2002
Z.Thomas,LB,MIA,4250000.0,2002
B.Young,DE,SF,7500360.0,2002
T.Owens,WR,SF,4150720.0,2002
T.Couch,QB,CLE,4400000.0,2002
S.Madison,CB,MIA,4357000.0,2002
S.Rice,DE,TB,6000000.0,2002
B.Favre,QB,GB,2150720.0,2002
S.Davis,RB,WAS,5000000.0,2002
D.McNabb,QB,PHI,1.4736284E7,2002
R.Lewis,LB,BAL,1.0525E7,2002
M.Coleman,S,HOU,4375000.0,2002
M.Muhammad,WR,CAR,3301080.0,2002
G.Walker,DE,HOU,3450720.0,2002
C.Brown,LB,SEA,7000360.0,2002
L.Elliss,DT,DET,3885234.0,2002
P.Daniels,DE,CHI,3252880.0,2002
D.Bledsoe,QB,BUF,9501530.0,2002
V.Testaverde,QB,NYJ,4003420.0,2002
S.McNair,QB,TEN,2001530.0,2002
J.Smith,WR,JAX,7500000.0,2002
C.Dillon,RB,CIN,2750000.0,2002
E.George,RB,TEN,2501350.0,2002
T.Law,CB,NE,4370305.0,2002
D.Starks,CB,ARI,8600720.0,2002
C.Conway,WR,SD,3600540.0,2002
M.Faulk,RB,STL,1.1595E7,2002
R.Porcher,DE,DET,4002160.0,2002
M.McCrary,DE,BAL,4050000.0,2002
N.Hand,DT,NO,3200000.0,2002
T.Brown,WR,OAK,2650360.0,2002
J.Randle,DT,SEA,3500720.0,2002
L.Arrington,LB,WAS,2221620.0,2002
J.Lewis,WR,HOU,2950360.0,2002
H.Douglas,DE,PHI,4100990.0,2002
F.Sanders,WR,ARI,3600000.0,2002
J.Taylor,DE,MIA,5567700.0,2002
P.Warrick,WR,CIN,1820000.0,2002
C.Woodson,CB,OAK,2900000.0,2002
D.Rudd,LB,CLE,3100000.0,2002
K.Detmer,QB,PHI,4101620.0,2002
M.Lewis,LB,NYJ,2700000.0,2002
T.Johnson,LB,NE,1655600.0,2002
A.Ambrose,CB,ATL,2500578.0,2002
K.Warner,QB,STL,6625000.0,2002
D.Brooks,LB,TB,1002160.0,2002
E.James,RB,IND,4460000.0,2002
J.Riemersma,TE,BUF,2526980.0,2002
D.Wilkinson,DT,WAS,750000.0,2002
T.Williams,CB,GB,3601080.0,2002
E.McCaffrey,WR,DEN,3153600.0,2002
D.Flutie,QB,SD,4301966.0,2002
B.Taylor,CB,PHI,3500900.0,2002
M.Harrison,WR,IND,3000000.0,2002
R.Gannon,QB,OAK,6000000.0,2002
E.Moulds,WR,BUF,1650000.0,2002
R.Godfrey,LB,TEN,4503780.0,2002
T.Hall,DE,ATL,7200000.0,2002
M.Bruener,TE,PIT,4103420.0,2002
W.Chrebet,WR,NYJ,6908080.0,2002
J.Bettis,RB,PIT,2440000.0,2002
R.Moss,WR,MIN,623115.0,2002
R.Buchanan,S,ATL,2076471.0,2002
C.Scott,CB,PIT,2475000.0,2002
K.Johnson,WR,TB,1500450.0,2002
K.Lassiter,S,ARI,3342000.0,2002
B.Robinson,DE,CHI,2653150.0,2002
H.Blackmon,CB,SEA,303600.0,2002
K.Hamilton,DT,NYG,3250000.0,2002
A.Toomer,WR,NYG,5403150.0,2002
R.McNeil,CB,SD,2750540.0,2002
J.Horn,WR,NO,2000000.0,2002
R.Smith,WR,DEN,1.166404E7,2002
J.Galloway,WR,DAL,1395000.0,2002
R.Harrison,S,SD,3389315.0,2002
T.Vincent,S,PHI,3101170.0,2002
B.Smith,DE,WAS,2750630.0,2002
J.Mobley,LB,DEN,1805040.0,2002
S.Springs,CB,SEA,2051800.0,2002
B.Simmons,LB,CIN,6001800.0,2002
D.Terrell,WR,CHI,1402970.0,2002
C.Brown,DE,CLE,1580000.0,2002
D.Clemons,DE,KC,2502700.0,2002
P.Williams,DT,BUF,1952880.0,2002
B.Smith,DE,ATL,2350000.0,2002
S.Shade,S,WAS,750000.0,2002
D.Mason,WR,TEN,3452520.0,2002
P.Boulware,LB,BAL,7525000.0,2002
S.Rolle,CB,TEN,775000.0,2002
J.Sharper,LB,HOU,1503240.0,2002
T.Pryce,DT,DEN,1105040.0,2002
B.Griese,QB,DEN,1605040.0,2002
I.Hilliard,WR,NYG,1533750.0,2002
M.Booker,WR,CHI,7502880.0,2002
S.Payne,DT,HOU,2104680.0,2002
P.Surtain,CB,MIA,4474000.0,2002
C.McGlockton,DT,DEN,2005040.0,2002
C.Harris,CB,KC,2754320.0,2002
G.Warren,DT,CLE,825000.0,2002
C.Fuller,CB,CLE,2015625.0,2002
K.Carter,DE,TEN,5003960.0,2002
R.Tongue,S,SEA,2001080.0,2002
T.Williams,DT,CIN,1700000.0,2002
J.Sehorn,S,NYG,5700000.0,2002
O.Roye,DE,CLE,2001392.0,2002
J.Lynch,S,TB,1751530.0,2002
M.Wiley,DE,SD,1148949.0,2002
C.Eaton,DT,SEA,1804320.0,2002
G.Ellis,LB,DAL,1255240.0,2002
D.Carr,QB,HOU,1.196E7,2002
J.Smith,DE,CIN,1080000.0,2002
W.Walls,TE,CAR,1803960.0,2002
P.Kerney,DE,ATL,9560000.0,2002
J.Stewart,RB,DET,2752520.0,2002
D.Staley,RB,PHI,2300990.0,2002
D.McCleon,CB,STL,2250000.0,2002
D.Woodson,S,DAL,5753600.0,2002
T.James,CB,OAK,2252610.0,2002
M.Vick,QB,ATL,8900000.0,2002
T.Washington,DT,CHI,1700000.0,2002
B.Dawkins,S,PHI,2110000.0,2002
J.Kitna,QB,CIN,1501260.0,2002
R.Fredrickson,LB,ARI,1980040.0,2002
C.Bailey,CB,WAS,1669000.0,2002
F.Taylor,RB,JAX,1170000.0,2002
M.Robinson,WR,CHI,1603240.0,2002
P.Burress,WR,PIT,826470.0,2002
R.McKinnon,LB,ARI,2703240.0,2002
A.Green,RB,GB,2151080.0,2002
T.Armstrong,DE,OAK,1723450.0,2002
J.Ferguson,DT,NYJ,1700000.0,2002
R.Crockett,CB,KC,1953395.0,2002
Z.Crockett,RB,OAK,2100000.0,2002
F.Wycheck,TE,TEN,2803070.0,2002
D.Rodgers,LB,MIA,1600000.0,2002
C.Claiborne,LB,DET,1790000.0,2002
K.Hardy,LB,DAL,2502520.0,2002
A.Smith,QB,CIN,452610.0,2002
J.Harrington,QB,DET,7300000.0,2002
J.Kearse,DE,TEN,1526170.0,2002
C.Simon,DT,PHI,479500.0,2002
A.Simmons,LB,SEA,739721.0,2002
K.von,DT,PIT,4152160.0,2002
J.Garcia,QB,SF,1.16E7,2002
M.Pollard,TE,IND,1251710.0,2002
C.Garner,RB,OAK,1675000.0,2002
D.Walker,CB,DEN,1505040.0,2002
H.Ward,WR,PIT,1671630.0,2002
O.Gibson,DT,CIN,1600000.0,2002
D.Sharper,S,GB,1001980.0,2002
D.Washington,CB,PIT,2502160.0,2002
T.Holt,WR,STL,1078000.0,2002
P.Holmes,RB,KC,1751530.0,2002
S.Jefferson,WR,ATL,5750578.0,2002
K.Herring,S,STL,1530040.0,2002
T.Barber,RB,NYG,5503150.0,2002
K.Wong,LB,HOU,5254320.0,2002
J.Gildon,DE,PIT,7303240.0,2002
J.Peppers,DE,CAR,9864706.0,2002
J.Lewis,RB,BAL,2038000.0,2002
V.Booker,DE,CIN,1350000.0,2002
M.Hasselbeck,QB,SEA,1603960.0,2002
Q.Jammer,CB,SD,7000000.0,2002
L.Milloy,S,NE,2606000.0,2002
D.Culpepper,QB,MIN,972500.0,2002
D.Boston,WR,ARI,1018500.0,2002
A.Vinatieri,K,NE,667364.0,2002
B.Gramatica,K,ARI,300720.0,2002
B.Cundiff,K,DAL,225000.0,2002
D.Boyd,K,JAX,52941.0,2002
D.Akers,K,PHI,589190.0,2002
G.Anderson,K,MIN,686765.0,2002
H.Epstein,K,MIN,154853.0,2002
J.Elam,K,DEN,1465402.0,2002
J.Hanson,K,DET,900000.0,2002
J.Feely,K,ATL,304230.0,2002
J.Chandler,K,SF,555000.0,2002
J.Reed,K,PIT,79412.0,2002
J.Wilkins,K,STL,875810.0,2002
J.Nedney,K,TEN,901440.0,2002
J.Carney,K,NO,776080.0,2002
J.Hall,K,NYJ,918600.0,2002
J.Kasay,K,CAR,903960.0,2002
J.Cortez,K,SF,70588.0,2002
K.Brown,K,HOU,1802160.0,2002
M.Gramatica,K,TB,2723150.0,2002
M.Bryant,K,NYG,225000.0,2002
M.Stover,K,BAL,801080.0,2002
M.Husted,K,KC,114706.0,2002
M.Hollis,K,BUF,676260.0,2002
M.Vanderjagt,K,IND,600000.0,2002
M.Andersen,K,KC,775720.0,2002
N.Rackers,K,CIN,377250.0,2002
O.Mare,K,MIA,1500000.0,2002
P.Edinger,K,CHI,378600.0,2002
P.Dawson,K,CLE,1326710.0,2002
R.Lindell,K,SEA,378600.0,2002
R.Longwell,K,GB,851080.0,2002
S.Janikowski,K,OAK,1297000.0,2002
S.Graham,K,CAR,247059.0,2002
S.Christie,K,SD,750000.0,2002
T.Peterson,K,PIT,1251800.0,2002
T.Dorsch,K,CIN,533750.0,2002
P.Manning,QB,IND,1.13275E7,2003
B.Favre,QB,GB,5900800.0,2003
T.Law,CB,NE,6105600.0,2003
K.Warner,QB,STL,5405600.0,2003
M.Brunell,QB,JAX,6755200.0,2003
B.Young,DE,SF,4500000.0,2003
R.Moss,WR,MIN,5087264.0,2003
J.Taylor,DE,MIA,5671100.0,2003
T.Couch,QB,CLE,6200000.0,2003
D.McNabb,QB,PHI,4001100.0,2003
M.Harrison,WR,IND,4500000.0,2003
R.Lewis,LB,BAL,9976100.0,2003
P.Surtain,CB,MIA,5135500.0,2003
I.Bruce,WR,STL,5400000.0,2003
S.Madison,CB,MIA,5350000.0,2003
B.Dawkins,S,PHI,9155000.0,2003
C.Pennington,QB,NYJ,5254000.0,2003
R.Porcher,DE,DET,3504000.0,2003
T.Owens,WR,SF,4700000.0,2003
J.Galloway,WR,DAL,4857900.0,2003
W.Sapp,DT,TB,6600000.0,2003
E.George,RB,TEN,4251500.0,2003
T.Pryce,DT,DEN,4800000.0,2003
J.Garcia,QB,SF,6500000.0,2003
E.Moulds,WR,BUF,4325000.0,2003
G.Walker,DE,HOU,4500000.0,2003
M.Hasselbeck,QB,SEA,5005600.0,2003
J.Lewis,RB,BAL,4310900.0,2003
M.Muhammad,WR,CAR,4000000.0,2003
C.McAlister,CB,BAL,5762000.0,2003
J.Sharper,LB,HOU,4504000.0,2003
J.Smith,WR,JAX,3350000.0,2003
P.Daniels,DE,CHI,3750800.0,2003
M.Coleman,S,HOU,4758824.0,2003
R.Buchanan,S,ATL,4200000.0,2003
D.Bledsoe,QB,BUF,5502800.0,2003
K.Collins,QB,NYG,3504800.0,2003
C.Bratzke,DE,IND,5251500.0,2003
C.Brown,DE,CLE,3700000.0,2003
T.Hall,DE,ATL,3200000.0,2003
J.Horn,WR,NO,7500000.0,2003
B.Johnson,QB,TB,8502000.0,2003
D.Washington,CB,PIT,3752800.0,2003
K.Johnson,WR,TB,5000400.0,2003
B.Urlacher,LB,CHI,1.50556E7,2003
M.Vick,QB,ATL,3503500.0,2003
C.Dillon,RB,CIN,3000000.0,2003
L.Arrington,LB,WAS,4651200.0,2003
J.Lynch,S,TB,4003400.0,2003
C.Brown,LB,SEA,4000800.0,2003
J.Kearse,DE,TEN,4103500.0,2003
D.Culpepper,QB,MIN,1.244E7,2003
B.Smith,DE,WAS,2665714.0,2003
C.Martin,RB,NYJ,4175700.0,2003
F.Robbins,DT,MIN,4454400.0,2003
S.McNair,QB,TEN,5252200.0,2003
J.Woods,S,KC,2962500.0,2003
M.Lewis,LB,NYJ,3100000.0,2003
C.Scott,CB,PIT,3660000.0,2003
O.Roye,DE,CLE,3100000.0,2003
V.Testaverde,QB,NYJ,1003800.0,2003
G.Ellis,LB,DAL,6945215.0,2003
T.Vincent,S,PHI,4400700.0,2003
B.Taylor,CB,PHI,4100000.0,2003
M.Strahan,DE,NYG,2103900.0,2003
J.Mobley,LB,DEN,3000000.0,2003
S.Payne,DT,HOU,4005600.0,2003
A.Toomer,WR,NYG,3428900.0,2003
P.Kerney,DE,ATL,2640000.0,2003
C.Garner,RB,OAK,3652000.0,2003
C.Bailey,CB,WAS,2103000.0,2003
J.Gildon,DE,PIT,2802400.0,2003
W.Holdman,LB,CHI,3555000.0,2003
A.Green,RB,GB,2803200.0,2003
J.Randle,DT,SEA,3000800.0,2003
J.Bettis,RB,PIT,2990000.0,2003
K.Carter,DE,TEN,3504600.0,2003
S.Rolle,CB,TEN,5253900.0,2003
C.Woodson,CB,OAK,2487500.0,2003
D.Brooks,LB,TB,4753100.0,2003
G.Biekert,LB,MIN,3500800.0,2003
T.Brackens,DE,JAX,1050000.0,2003
E.Smith,RB,ARI,5004000.0,2003
A.Brooks,QB,NO,7500000.0,2003
E.James,RB,IND,3010400.0,2003
L.Glover,DT,DAL,2479000.0,2003
T.Johnson,LB,NE,2204500.0,2003
J.Kitna,QB,CIN,2626600.0,2003
T.Barber,RB,NYG,3528300.0,2003
Z.Thomas,LB,MIA,6655000.0,2003
J.Williams,DT,SD,3246194.0,2003
R.Griffith,S,CLE,2600000.0,2003
J.Ferguson,DT,NYJ,4300000.0,2003
T.Holt,WR,STL,1.308E7,2003
J.Johnson,DE,GB,2148958.0,2003
R.Gannon,QB,OAK,6502200.0,2003
D.Coakley,LB,DAL,2504000.0,2003
M.Wiley,DE,SD,5752400.0,2003
F.Taylor,RB,JAX,8532300.0,2003
M.Booker,WR,CHI,2600000.0,2003
K.Brady,TE,JAX,2650000.0,2003
S.Rice,DE,TB,6655400.0,2003
T.Brady,QB,NE,3129700.0,2003
D.Bly,CB,DET,8504400.0,2003
R.Tongue,S,SEA,2600800.0,2003
P.Warrick,WR,CIN,2040000.0,2003
L.Milloy,S,BUF,7000000.0,2003
K.Hamilton,DT,NYG,2203125.0,2003
P.Williams,DT,BUF,2203200.0,2003
G.Wistrom,DE,STL,1560000.0,2003
R.Smith,WR,DEN,667900.0,2003
W.Dunn,RB,ATL,2101700.0,2003
D.Walker,CB,MIN,5002300.0,2003
K.Holmes,DE,NYG,2002900.0,2003
D.Sharper,S,GB,3101200.0,2003
J.Kleinsasser,TE,MIN,3051100.0,2003
D.Darius,S,JAX,3044200.0,2003
L.Tomlinson,RB,SD,2004000.0,2003
T.Williams,DT,CIN,2001200.0,2003
K.Hardy,LB,CIN,5600000.0,2003
T.Brown,WR,OAK,2756000.0,2003
T.Richardson,RB,KC,2150000.0,2003
K.Wong,LB,HOU,1855600.0,2003
T.Dwight,WR,SD,1903100.0,2003
T.James,CB,CIN,5602400.0,2003
K.von,DT,PIT,1301600.0,2003
J.Thornton,DT,CIN,6000000.0,2003
M.Peterson,LB,JAX,4532000.0,2003
D.Carr,QB,HOU,3633600.0,2003
J.Smith,DE,CIN,1330000.0,2003
J.Porter,LB,PIT,2001600.0,2003
D.Woodson,S,DAL,2004000.0,2003
D.Jackson,S,ARI,5002000.0,2003
G.Warren,DT,CLE,865000.0,2003
M.Green,S,CHI,4576667.0,2003
E.McCaffrey,WR,DEN,2752400.0,2003
F.Wycheck,TE,TEN,1756700.0,2003
I.Kacyvenski,LB,SEA,2709400.0,2003
B.Simmons,LB,CIN,2100000.0,2003
G.Hearst,RB,SF,2200000.0,2003
K.Mixon,DE,MIN,2001400.0,2003
T.Green,QB,KC,659300.0,2003
R.Williams,RB,MIA,2633500.0,2003
J.Harrington,QB,DET,6929400.0,2003
E.Warfield,CB,KC,1900000.0,2003
P.Boulware,LB,BAL,7030800.0,2003
M.Brown,S,CHI,5573500.0,2003
B.Robinson,DE,CHI,1900000.0,2003
M.Minter,S,CAR,3100000.0,2003
S.Williams,S,NYG,6453900.0,2003
R.Seymour,DT,NE,984200.0,2003
A.Simmons,LB,SEA,8514632.0,2003
T.Spikes,LB,BUF,1.00032E7,2003
J.Blake,QB,ARI,3503200.0,2003
A.Williams,S,STL,3003100.0,2003
C.Claiborne,LB,MIN,2502500.0,2003
K.McCardell,WR,TB,2002100.0,2003
M.Alstott,RB,TB,1405600.0,2003
Q.Jammer,CB,SD,4854600.0,2003
D.Mason,WR,TEN,3504000.0,2003
T.Gonzalez,TE,KC,4950000.0,2003
S.Alexander,TE,SD,2780200.0,2003
J.Peppers,DE,CAR,5300000.0,2003
D.Staley,RB,PHI,2200000.0,2003
D.McCutcheon,CB,CLE,1754100.0,2003
T.Brown,WR,NE,810600.0,2003
N.Wayne,LB,PHI,4531600.0,2003
C.Simon,DT,PHI,646950.0,2003
M.Rucker,DE,CAR,2550000.0,2003
L.Fletcher,LB,BUF,1600000.0,2003
J.Parrella,DT,OAK,2004200.0,2003
L.Coles,WR,WAS,1.35277E7,2003
K.Stewart,QB,CHI,3255600.0,2003
W.Chrebet,WR,NYJ,1500000.0,2003
A.McFarland,DT,TB,6534700.0,2003
A.Vinatieri,K,NE,1654500.0,2003
A.Smith,RB,NE,2005600.0,2003
A.Smith,DE,PIT,2754800.0,2003
D.Brees,QB,SD,1984000.0,2003
T.Pinkston,WR,PHI,4436300.0,2003
A.Elling,K,MIN,228600.0,2003
A.Vinatieri,K,NE,1654500.0,2003
B.Gramatica,K,ARI,389800.0,2003
B.Cundiff,K,DAL,304000.0,2003
B.Conway,K,CLE,530000.0,2003
D.Akers,K,PHI,800800.0,2003
D.Brien,K,NYJ,682000.0,2003
G.Anderson,K,TEN,779913.0,2003
J.Elam,K,DEN,3430000.0,2003
J.Hanson,K,DET,900800.0,2003
J.Feely,K,ATL,379900.0,2003
J.Reed,K,PIT,304400.0,2003
J.Wilkins,K,STL,1029400.0,2003
J.Nedney,K,TEN,1001800.0,2003
J.Carney,K,NO,1306400.0,2003
J.Hall,K,WAS,2133300.0,2003
J.Kasay,K,CAR,959400.0,2003
J.Brown,K,SEA,263500.0,2003
K.Brown,K,HOU,703600.0,2003
M.Gramatica,K,TB,532900.0,2003
M.Bryant,K,NYG,304800.0,2003
M.Stover,K,BAL,1003600.0,2003
M.Vanderjagt,K,IND,1400000.0,2003
M.Andersen,K,KC,1156000.0,2003
N.Rackers,K,ARI,590000.0,2003
O.Mare,K,MIA,1214706.0,2003
P.Edinger,K,CHI,2051600.0,2003
P.Dawson,K,CLE,531700.0,2003
R.Lindell,K,BUF,1400000.0,2003
R.Longwell,K,GB,1200800.0,2003
S.Janikowski,K,OAK,475000.0,2003
S.Marler,K,JAX,237500.0,2003
S.Graham,K,CIN,375000.0,2003
S.Christie,K,SD,755000.0,2003
T.Peterson,K,SF,655000.0,2003
W.Richey,K,BAL,530000.0,2003
A.Winfield,CB,MIN,1.25E7,2004
T.Law,CB,NE,7505600.0,2004
B.Favre,QB,GB,8501000.0,2004
R.Moss,WR,MIN,6073204.0,2004
S.Rolle,CB,TEN,5500000.0,2004
C.Woodson,CB,OAK,8781000.0,2004
P.Manning,QB,IND,3.50377E7,2004
M.Harrison,WR,IND,1.0560165E7,2004
P.Surtain,CB,MIA,5722000.0,2004
M.Vick,QB,ATL,1.25024E7,2004
D.McNabb,QB,PHI,1.10023E7,2004
T.Pryce,DT,DEN,6050000.0,2004
I.Bruce,WR,STL,5800000.0,2004
C.Brown,DE,CLE,6705600.0,2004
M.Faulk,RB,STL,6000000.0,2004
B.Russell,S,MIN,7382400.0,2004
E.Moulds,WR,BUF,5345000.0,2004
T.Owens,WR,PHI,9160700.0,2004
R.Lewis,LB,BAL,4000500.0,2004
B.Johnson,QB,TB,4002800.0,2004
E.James,RB,IND,4510000.0,2004
L.Tomlinson,RB,SD,1.6E7,2004
M.Strahan,DE,NYG,4352400.0,2004
J.Kearse,DE,PHI,1.65365E7,2004
J.Lewis,RB,BAL,4765029.0,2004
D.Howard,DE,NO,6504600.0,2004
J.Smith,WR,JAX,3600000.0,2004
R.Gannon,QB,OAK,4501700.0,2004
B.Urlacher,LB,CHI,3800000.0,2004
J.Sharper,LB,HOU,4754000.0,2004
J.Peterson,LB,SF,7074000.0,2004
T.Barber,RB,NYG,3979100.0,2004
G.Warren,DT,CLE,5804200.0,2004
D.McCutcheon,CB,CLE,9104000.0,2004
K.Carter,DE,TEN,8004100.0,2004
D.Sharper,S,GB,5201400.0,2004
D.Mason,WR,TEN,3852000.0,2004
T.Gardner,WR,NO,308600.0,2004
S.McNair,QB,TEN,6750910.0,2004
L.Arrington,LB,WAS,1.1835E7,2004
M.Coleman,S,HOU,8264706.0,2004
S.Rice,DE,TB,8850900.0,2004
M.Hasselbeck,QB,SEA,5504800.0,2004
A.Brooks,QB,NO,3500000.0,2004
M.Minter,S,CAR,3600000.0,2004
A.Glenn,CB,HOU,4253600.0,2004
P.Kerney,DE,ATL,4100000.0,2004
D.Bly,CB,DET,4004400.0,2004
S.Madison,CB,MIA,6500000.0,2004
M.Beisel,LB,KC,632700.0,2004
C.Pennington,QB,NYJ,1.9004E7,2004
T.Brady,QB,NE,5504200.0,2004
B.Berry,DE,ARI,9004400.0,2004
C.Scott,CB,PIT,4085000.0,2004
D.Carr,QB,HOU,664000.0,2004
O.Roye,DE,CLE,3500000.0,2004
D.Brooks,LB,TB,5504300.0,2004
J.Kleinsasser,TE,MIN,8300000.0,2004
A.Green,RB,GB,3634300.0,2004
C.Martin,RB,NYJ,2800000.0,2004
L.Glover,DT,DAL,3503600.0,2004
D.Edwards,LB,SD,3553300.0,2004
R.Barber,CB,TB,3252800.0,2004
M.Muhammad,WR,CAR,4500000.0,2004
D.Starks,CB,ARI,3600800.0,2004
A.Johnson,WR,HOU,5005000.0,2004
A.Smith,DE,PIT,3553600.0,2004
R.Smith,WR,DEN,2762001.0,2004
T.Green,QB,KC,3895000.0,2004
D.Bledsoe,QB,BUF,8752800.0,2004
T.Spikes,LB,BUF,4100000.0,2004
J.Fiedler,QB,MIA,3775000.0,2004
B.Young,DE,SF,4250000.0,2004
J.Taylor,DE,MIA,9027500.0,2004
S.Payne,DT,HOU,4005600.0,2004
S.Williams,S,NYG,3104100.0,2004
A.Toomer,WR,NYG,8664100.0,2004
D.Darius,S,JAX,4116200.0,2004
D.Frost,P,CLE,309400.0,2004
L.Milloy,S,BUF,2752300.0,2004
L.Little,DE,STL,3000000.0,2004
A.Simmons,LB,SEA,2500000.0,2004
W.Dunn,RB,ATL,2903200.0,2004
K.Jenkins,DT,CAR,7630000.0,2004
D.Coakley,LB,DAL,3056000.0,2004
T.Gonzalez,TE,KC,2400000.0,2004
C.Brown,LB,SEA,3000400.0,2004
M.McKenzie,CB,GB,323529.0,2004
J.Williams,DT,SD,3750000.0,2004
S.Alexander,RB,SEA,3250800.0,2004
G.Wistrom,DE,SEA,1.55032E7,2004
J.Seau,LB,MIA,3000000.0,2004
K.Wong,LB,HOU,2755600.0,2004
E.Smith,RB,ARI,2502400.0,2004
K.Brooking,LB,ATL,2750000.0,2004
C.Portis,RB,WAS,1.338E7,2004
E.Warfield,CB,KC,3000000.0,2004
D.Rodgers,LB,NO,2500000.0,2004
T.Hall,DE,ATL,1754400.0,2004
W.McGinest,LB,NE,2346800.0,2004
P.Price,WR,ATL,2220000.0,2004
P.Williams,DT,BUF,2602900.0,2004
M.Andersen,K,MIN,785000.0,2004
C.Rogers,WR,DET,5635417.0,2004
A.Williams,S,STL,3000800.0,2004
F.Taylor,RB,JAX,1899848.0,2004
C.McAlister,CB,BAL,1.0534906E7,2004
Q.Jammer,CB,SD,1353100.0,2004
P.Warrick,WR,CIN,2260000.0,2004
J.Harrington,QB,DET,1775000.0,2004
J.Delhomme,QB,CAR,7735000.0,2004
L.Fletcher,LB,BUF,2600000.0,2004
J.Morton,WR,KC,2600000.0,2004
S.Adams,DT,BUF,3002000.0,2004
L.Sheppard,CB,PHI,9182450.0,2004
J.Pathon,WR,NO,2250000.0,2004
T.Newman,CB,DAL,6809417.0,2004
J.Ferguson,DT,NYJ,1150000.0,2004
K.Hardy,LB,CIN,2450000.0,2004
D.Robertson,DT,NYJ,1.051625E7,2004
J.Azumah,CB,CHI,2754700.0,2004
T.Brown,WR,NE,2305600.0,2004
T.Williams,DT,CIN,2200600.0,2004
J.Kitna,QB,CIN,3377500.0,2004
F.Bryant,CB,DET,9003600.0,2004
J.Thornton,DT,CIN,2500000.0,2004
M.Pollard,TE,IND,2527300.0,2004
J.Smith,DE,CIN,1580000.0,2004
J.Horn,WR,NO,702800.0,2004
D.Jones,LB,PHI,4609500.0,2004
K.Johnson,WR,DAL,6004000.0,2004
T.James,CB,CIN,2101800.0,2004
A.Hakim,WR,DET,1950000.0,2004
Z.Thomas,LB,MIA,7345000.0,2004
J.Parrella,DT,OAK,2850000.0,2004
J.Sullivan,DT,NO,4397783.0,2004
K.Mixon,DE,MIN,2294118.0,2004
K.Gbaja-Biamila,DE,GB,1355600.0,2004
M.Bulger,QB,STL,9459200.0,2004
R.Griffith,S,CLE,2800000.0,2004
B.Simmons,LB,CIN,2300000.0,2004
J.Woods,S,KC,4462600.0,2004
S.Barber,LB,KC,2500000.0,2004
G.Ellis,LB,DAL,2254000.0,2004
K.Brady,TE,JAX,2004400.0,2004
J.Hall,DE,DET,6005600.0,2004
S.Cowart,LB,NYJ,2000000.0,2004
A.Carter,DE,SF,2053600.0,2004
T.Vincent,S,BUF,5775000.0,2004
C.Palmer,QB,CIN,1337500.0,2004
M.Brown,S,CHI,2090000.0,2004
T.Richardson,RB,KC,1800000.0,2004
J.Peppers,DE,CAR,750000.0,2004
P.Holmes,RB,KC,9136800.0,2004
M.Booker,WR,MIA,2700000.0,2004
C.Claiborne,LB,MIN,2700000.0,2004
N.Wayne,LB,PHI,2003700.0,2004
M.Rucker,DE,CAR,3550000.0,2004
G.Walker,DE,HOU,1.1804E7,2004
D.Terrell,WR,CHI,994000.0,2004
D.Macklin,CB,ARI,3803200.0,2004
R.Sims,DT,KC,635000.0,2004
S.Davis,RB,CAR,2100000.0,2004
R.Wynn,DE,WAS,2003600.0,2004
P.Rivers,QB,SD,8955000.0,2004
S.Smith,WR,CAR,8600000.0,2004
J.Rice,WR,SEA,877071.0,2004
S.Brown,CB,PHI,7884300.0,2004
C.Bailey,CB,DEN,7509150.0,2004
R.Seymour,DT,NE,963800.0,2004
S.Ellis,DE,NYJ,6232941.0,2004
T.Washington,DT,OAK,5500000.0,2004
B.Smith,DE,ATL,1854800.0,2004
D.Culpepper,QB,MIN,1037300.0,2004
W.Chrebet,WR,NYJ,2000000.0,2004
C.Okeafor,DE,SEA,1450800.0,2004
V.Holliday,DE,KC,1850000.0,2004
R.Williams,S,DAL,620467.0,2004
K.von,DT,PIT,1801600.0,2004
J.Farrior,LB,PIT,5438200.0,2004
A.Elling,K,TEN,17941.0,2004
A.Vinatieri,K,NE,1429600.0,2004
B.Cundiff,K,DAL,384000.0,2004
D.Akers,K,PHI,925800.0,2004
D.Brien,K,NYJ,1387700.0,2004
G.Anderson,K,TEN,740294.0,2004
J.Elam,K,DEN,760000.0,2004
J.Hanson,K,DET,2950800.0,2004
J.Feely,K,ATL,632000.0,2004
J.Taylor,K,TB,71997.0,2004
J.Chandler,K,WAS,35882.0,2004
J.Reed,K,PIT,383600.0,2004
J.Wilkins,K,STL,1223100.0,2004
J.Carney,K,NO,811200.0,2004
J.Hall,K,WAS,904200.0,2004
J.Kasay,K,CAR,2803600.0,2004
J.Cortez,K,MIN,178824.0,2004
J.Brown,K,SEA,310600.0,2004
J.Scobee,K,JAX,362000.0,2004
K.Brown,K,HOU,904400.0,2004
L.Tynes,K,KC,280000.0,2004
M.Gramatica,K,TB,499018.0,2004
M.Stover,K,BAL,2163600.0,2004
M.Vanderjagt,K,IND,1602000.0,2004
M.Andersen,K,MIN,785000.0,2004
N.Kaeding,K,SD,793000.0,2004
N.Rackers,K,ARI,540600.0,2004
O.Mare,K,MIA,2660000.0,2004
P.Edinger,K,CHI,754300.0,2004
P.Dawson,K,CLE,611400.0,2004
R.Lindell,K,BUF,729600.0,2004
R.Longwell,K,GB,1501000.0,2004
S.Janikowski,K,OAK,2511000.0,2004
S.Graham,K,CIN,3687500.0,2004
S.Christie,K,NYG,760000.0,2004
T.Peterson,K,SF,686200.0,2004
W.Richey,K,BAL,560300.0,2004
S.Rice,DE,TB,6000880.0,2005
C.Woodson,CB,OAK,1.0537E7,2005
B.Favre,QB,GB,9500000.0,2005
D.Brooks,LB,TB,5754950.0,2005
I.Bruce,WR,STL,7400000.0,2005
F.Smoot,CB,MIN,1.23E7,2005
E.James,RB,IND,9081000.0,2005
J.Harrington,QB,DET,6000000.0,2005
D.Culpepper,QB,MIN,7042090.0,2005
P.Manning,QB,IND,668520.0,2005
R.Lewis,LB,BAL,5500550.0,2005
T.Brady,QB,NE,1.565418E7,2005
D.Brees,QB,SD,8082070.0,2005
L.Tomlinson,RB,SD,5001320.0,2005
M.Vick,QB,ATL,2.310275E7,2005
B.Young,DE,SF,4250000.0,2005
D.McNabb,QB,PHI,4001210.0,2005
J.Taylor,DE,MIA,4270000.0,2005
D.Carr,QB,HOU,5504400.0,2005
D.Howard,DE,NO,7807740.0,2005
A.Brooks,QB,NO,5750000.0,2005
A.Ogunleye,DE,CHI,6018155.0,2005
R.Hayward,DE,JAX,7553080.0,2005
M.Strahan,DE,NYG,5250330.0,2005
T.Green,QB,KC,5000000.0,2005
J.Peterson,LB,SF,7290870.0,2005
S.McNair,QB,TEN,7501770.0,2005
J.Williams,DT,SD,8250000.0,2005
J.Abraham,DE,NYJ,6666000.0,2005
M.Stroud,DT,JAX,1.064E7,2005
S.Alexander,RB,SEA,6323000.0,2005
T.Pryce,DT,DEN,4500000.0,2005
R.Johnson,RB,CIN,1.025E7,2005
A.Winfield,CB,MIN,6250000.0,2005
M.Hasselbeck,QB,SEA,1.900528E7,2005
S.Madison,CB,MIA,3500000.0,2005
P.Williams,DT,MIN,7500000.0,2005
B.Urlacher,LB,CHI,4300000.0,2005
C.Pennington,QB,NYJ,3000000.0,2005
C.Palmer,QB,CIN,3750000.0,2005
P.Kerney,DE,ATL,4700000.0,2005
Z.Thomas,LB,MIA,3500000.0,2005
A.Carter,DE,SF,3501540.0,2005
M.Rucker,DE,CAR,3800000.0,2005
A.Toomer,WR,NYG,2242750.0,2005
A.Green,RB,GB,4378960.0,2005
J.Lewis,RB,BAL,3833760.0,2005
C.Martin,RB,NYJ,3683333.0,2005
R.Smith,WR,DEN,5010810.0,2005
L.Arrington,LB,WAS,540000.0,2005
T.Spikes,LB,BUF,3600000.0,2005
J.Smith,WR,JAX,3625000.0,2005
D.Bly,CB,DET,4004400.0,2005
E.Moulds,WR,BUF,6600000.0,2005
R.Seymour,DT,NE,4571320.0,2005
L.Glover,DT,DAL,4004840.0,2005
O.Roye,DE,CLE,3750000.0,2005
K.Lang,DE,CLE,3800000.0,2005
R.Barber,CB,TB,3752310.0,2005
A.Smith,DE,PIT,3754400.0,2005
T.Barber,RB,NYG,6003960.0,2005
K.Brooking,LB,ATL,3450000.0,2005
J.Kearse,DE,PHI,3015000.0,2005
B.Berry,DE,ARI,4004730.0,2005
L.Little,DE,STL,4000000.0,2005
T.Gonzalez,TE,KC,3400000.0,2005
J.Porter,LB,PIT,3501320.0,2005
P.Rivers,QB,SD,6934840.0,2005
D.Edwards,LB,SD,3702310.0,2005
J.Horn,WR,NO,8667200.0,2005
P.Holmes,RB,KC,2740000.0,2005
M.Muhammad,WR,CHI,9335407.0,2005
D.Darius,S,JAX,4970640.0,2005
C.Okeafor,DE,ARI,8001210.0,2005
G.Wistrom,DE,SEA,2003080.0,2005
D.Sharper,S,MIN,5000000.0,2005
B.Roethlisberger,QB,PIT,9498840.0,2005
M.Vrabel,LB,NE,6850660.0,2005
S.Williams,S,NYG,1254620.0,2005
S.Adams,DT,BUF,3750000.0,2005
S.Taylor,S,WAS,4930000.0,2005
G.Walker,DE,HOU,2206160.0,2005
M.Faulk,RB,STL,4001210.0,2005
J.Peppers,DE,CAR,6315000.0,2005
L.Milloy,S,BUF,2754510.0,2005
K.Warner,QB,ARI,4004290.0,2005
D.Northcutt,WR,CLE,3250000.0,2005
D.Smith,LB,SF,2501320.0,2005
R.Williams,WR,DET,7067500.0,2005
L.Fletcher,LB,BUF,3100000.0,2005
C.McAlister,CB,BAL,8465880.0,2005
W.Dunn,RB,ATL,5003410.0,2005
A.Wilson,LB,DEN,6769390.0,2005
T.Parrish,S,SF,2502200.0,2005
S.Ellis,DE,NYJ,8590000.0,2005
W.McGinest,LB,NE,2500000.0,2005
K.McCardell,WR,SD,5101210.0,2005
E.Manning,QB,NYG,9305000.0,2005
J.Azumah,CB,CHI,3254180.0,2005
D.Robertson,DT,NYJ,952000.0,2005
C.Rogers,WR,DET,458187.0,2005
Q.Jammer,CB,SD,1552530.0,2005
B.Kelly,CB,TB,2800880.0,2005
J.Thornton,DT,CIN,3000000.0,2005
T.Newman,CB,DAL,588337.0,2005
A.Henry,CB,DAL,1.160484E7,2005
T.Law,CB,NYJ,6437500.0,2005
K.Barlow,RB,SF,8131400.0,2005
A.Plummer,CB,SF,7064691.0,2005
M.Minter,S,CAR,4100000.0,2005
A.McFarland,DT,TB,3006065.0,2005
M.Reagor,DT,IND,2850000.0,2005
T.James,CB,CIN,2601320.0,2005
F.Thomas,CB,NO,2250000.0,2005
N.Clements,CB,BUF,2626100.0,2005
S.Smith,WR,CAR,1850000.0,2005
K.Wong,LB,HOU,7030720.0,2005
C.Ochocinco,WR,CIN,4850000.0,2005
K.Collins,QB,OAK,6022200.0,2005
M.Harrison,WR,IND,8000000.0,2005
L.Sheppard,CB,PHI,532980.0,2005
T.Vincent,S,BUF,2775000.0,2005
J.Smith,DE,CIN,1830000.0,2005
A.Johnson,WR,HOU,1155000.0,2005
C.Bailey,CB,DEN,1.3507625E7,2005
M.Peterson,LB,JAX,3003080.0,2005
D.Hall,CB,ATL,8455220.0,2005
E.Warfield,CB,KC,2098529.0,2005
G.Baxter,CB,CLE,1.0510698E7,2005
B.Simmons,LB,CIN,2700000.0,2005
C.Chambers,WR,MIA,6350000.0,2005
J.Plummer,QB,DEN,7630200.0,2005
J.Williams,DT,IND,2605720.0,2005
S.Rolle,CB,BAL,1.200099E7,2005
J.Sullivan,DT,NO,606833.0,2005
N.Diggs,LB,GB,2251320.0,2005
G.Ellis,LB,DAL,2555280.0,2005
F.Taylor,RB,JAX,1553960.0,2005
K.Bulluck,LB,TEN,1.025198E7,2005
R.Sims,DT,KC,2182000.0,2005
K.Brady,TE,JAX,2302640.0,2005
B.Smith,DE,ATL,2504840.0,2005
W.Allen,CB,NYG,2279180.0,2005
T.Owens,WR,PHI,2735294.0,2005
L.Fitzgerald,WR,ARI,5344590.0,2005
M.Brown,S,CHI,2440000.0,2005
J.Hall,DE,DET,2256160.0,2005
R.Williams,WR,JAX,6030000.0,2005
M.Bulger,QB,STL,549400.0,2005
K.Johnson,WR,DAL,2003410.0,2005
C.Taylor,RB,BAL,3001320.0,2005
R.Howard,CB,MIA,2250000.0,2005
M.Booker,WR,MIA,3000000.0,2005
D.Morgan,LB,CAR,6640000.0,2005
F.Bryant,CB,DET,1753080.0,2005
J.Trotter,LB,PHI,4666650.0,2005
S.Davis,RB,CAR,2600000.0,2005
M.Coleman,S,HOU,1650000.0,2005
M.Vanderjagt,K,IND,1800000.0,2005
T.Holt,WR,STL,2735000.0,2005
C.Emmons,LB,NYG,3840000.0,2005
D.Jackson,WR,SEA,1500000.0,2005
J.Lynch,S,DEN,2500000.0,2005
S.Rogers,DT,DET,4155280.0,2005
A.Boldin,WR,ARI,6501760.0,2005
R.Wayne,WR,IND,1715880.0,2005
A.Vinatieri,K,NE,2759880.0,2005
C.Chavous,S,MIN,2250000.0,2005
A.Wilson,S,ARI,2001650.0,2005
D.Robinson,CB,HOU,4239400.0,2005
T.Jones,RB,CHI,1850000.0,2005
F.Beasley,RB,SF,1800000.0,2005
D.McAllister,RB,NO,7650000.0,2005
S.Foley,LB,SD,2291430.0,2005
A.Smith,QB,SF,3500000.0,2005
R.Brown,RB,MIA,2696535.0,2005
J.Porter,WR,OAK,8003080.0,2005
R.Williams,S,DAL,871507.0,2005
J.Shockey,TE,NYG,3968597.0,2005
J.Delhomme,QB,CAR,5665000.0,2005
A.Elling,K,BAL,312941.0,2005
A.Vinatieri,K,NE,2759880.0,2005
B.Cundiff,K,DAL,160588.0,2005
D.Rayner,K,IND,293960.0,2005
D.Akers,K,PHI,3374701.0,2005
J.Elam,K,DEN,765000.0,2005
J.Hanson,K,DET,1300880.0,2005
J.Feely,K,NYG,1300000.0,2005
J.Reed,K,PIT,2053080.0,2005
J.Wilkins,K,STL,4376320.0,2005
J.Nedney,K,SF,691320.0,2005
J.Carney,K,NO,766870.0,2005
J.Hall,K,WAS,1105610.0,2005
J.Kasay,K,CAR,1405280.0,2005
J.Cortez,K,DAL,187353.0,2005
J.Brown,K,SEA,385280.0,2005
J.Scobee,K,JAX,308520.0,2005
K.Brown,K,HOU,2454400.0,2005
L.Tynes,K,KC,324510.0,2005
M.Bryant,K,TB,459950.0,2005
M.Stover,K,BAL,1004180.0,2005
M.Nugent,K,NYJ,1380000.0,2005
M.Vanderjagt,K,IND,1800000.0,2005
N.Kaeding,K,SD,309510.0,2005
N.Rackers,K,ARI,2544290.0,2005
O.Mare,K,MIA,1050000.0,2005
P.Edinger,K,MIN,541760.0,2005
P.Dawson,K,CLE,1503410.0,2005
R.Lindell,K,BUF,830390.0,2005
R.Bironas,K,TEN,230000.0,2005
R.Gould,K,CHI,14100.0,2005
R.Longwell,K,GB,1501210.0,2005
S.Janikowski,K,OAK,2050000.0,2005
S.Graham,K,CIN,702310.0,2005
T.Peterson,K,ATL,794950.0,2005
T.Brady,QB,NE,1.600484E7,2006
M.Vick,QB,ATL,8401980.0,2006
C.Palmer,QB,CIN,1.575E7,2006
B.Favre,QB,GB,1.000099E7,2006
J.Peppers,DE,CAR,7365000.0,2006
P.Manning,QB,IND,1.00044E7,2006
A.Johnson,WR,HOU,7600000.0,2006
R.Moss,WR,OAK,8251210.0,2006
E.James,RB,ARI,1.475077E7,2006
C.Bailey,CB,DEN,6006100.0,2006
J.Taylor,DE,MIA,7750000.0,2006
D.Robertson,DT,NYJ,6618655.0,2006
S.Rice,DE,TB,6001320.0,2006
K.Mitchell,LB,KC,524880.0,2006
R.Seymour,DT,NE,2.469116E7,2006
D.McNabb,QB,PHI,5501210.0,2006
R.Lewis,LB,BAL,5500880.0,2006
C.McAlister,CB,BAL,5500880.0,2006
J.Bellamy,S,NO,600000.0,2006
T.Green,QB,KC,6000000.0,2006
B.Young,DE,SF,4255500.0,2006
D.Anderson,WR,HOU,177941.0,2006
D.Howard,DE,PHI,1.050286E7,2006
M.Bulger,QB,STL,5126630.0,2006
T.Holt,WR,STL,5200000.0,2006
E.Manning,QB,NYG,1641000.0,2006
J.Plummer,QB,DEN,6505200.0,2006
B.Edwards,WR,CLE,5975000.0,2006
T.Barber,RB,NYG,4250000.0,2006
C.Woodson,CB,GB,1.050308E7,2006
Z.Thomas,LB,MIA,4950000.0,2006
D.Carr,QB,HOU,1.325594E7,2006
M.Strahan,DE,NYG,4999999.0,2006
N.Clements,CB,BUF,7226000.0,2006
C.Ochocinco,WR,CIN,1.175E7,2006
K.Bulluck,LB,TEN,4502640.0,2006
Q.Jammer,CB,SD,6555280.0,2006
R.Smith,WR,DEN,5009510.0,2006
R.Barber,CB,TB,6223960.0,2006
L.Coles,WR,NYJ,6000000.0,2006
J.Henderson,DT,JAX,1.0595E7,2006
D.Brooks,LB,TB,3005720.0,2006
T.Owens,WR,DAL,1.00011E7,2006
J.Williams,DT,SD,6250330.0,2006
T.Gonzalez,TE,KC,4000000.0,2006
B.Leftwich,QB,JAX,4510000.0,2006
A.Adams,DT,SF,504620.0,2006
A.Wilson,LB,DEN,4403400.0,2006
M.Hasselbeck,QB,SEA,3253520.0,2006
S.Ellis,DE,NYJ,4200000.0,2006
L.Little,DE,STL,1.0E7,2006
P.Kerney,DE,ATL,5200000.0,2006
T.Spikes,LB,BUF,4600000.0,2006
M.Harrison,WR,IND,1.2E7,2006
A.Toomer,WR,NYG,2901540.0,2006
D.Freeney,DE,IND,5001320.0,2006
L.Tomlinson,RB,SD,4250770.0,2006
D.Morgan,LB,CAR,5085000.0,2006
J.Kearse,DE,PHI,4200000.0,2006
L.Fitzgerald,WR,ARI,3318710.0,2006
W.Sapp,DT,OAK,4600000.0,2006
C.Pennington,QB,NYJ,3040000.0,2006
L.Jordan,RB,OAK,4625880.0,2006
A.Kampman,DE,GB,1.200572E7,2006
D.Brees,QB,NO,2.2E7,2006
M.Rucker,DE,CAR,4600000.0,2006
S.Alexander,RB,SEA,1.5125E7,2006
D.McAllister,RB,NO,7050000.0,2006
B.Urlacher,LB,CHI,4000000.0,2006
G.Wistrom,DE,SEA,3503960.0,2006
H.Ward,WR,PIT,7753080.0,2006
W.Dunn,RB,ATL,5202750.0,2006
A.Ogunleye,DE,CHI,4003850.0,2006
J.Abraham,DE,ATL,1.55033E7,2006
R.Colvin,LB,NE,3654840.0,2006
M.Muhammad,WR,CHI,4273850.0,2006
K.Gbaja-Biamila,DE,GB,3855500.0,2006
A.Davis,LB,CLE,4504620.0,2006
D.Edwards,LB,SD,4252420.0,2006
I.Bruce,WR,STL,6000000.0,2006
J.Peterson,LB,SEA,1.450264E7,2006
J.Porter,LB,PIT,3850000.0,2006
M.Brunell,QB,WAS,4004291.0,2006
S.Rolle,CB,BAL,3001100.0,2006
B.Dawkins,S,PHI,5000880.0,2006
B.Leber,LB,MIN,7585000.0,2006
P.Rivers,QB,SD,620500.0,2006
R.Mathis,CB,JAX,5200000.0,2006
D.Bly,CB,DET,3802860.0,2006
R.Wayne,WR,IND,1.510044E7,2006
H.Hillenmeyer,LB,CHI,5089290.0,2006
K.Warner,QB,ARI,7001650.0,2006
B.Berry,DE,ARI,4001650.0,2006
R.Pickett,DT,GB,6500000.0,2006
C.Hampton,NT,PIT,6325000.0,2006
A.Rolle,CB,ARI,3351210.0,2006
L.Fletcher,LB,BUF,4100000.0,2006
C.Chambers,WR,MIA,2600000.0,2006
A.Gates,TE,SD,3663960.0,2006
A.Smith,DE,PIT,4503080.0,2006
I.Gold,LB,DEN,5275105.0,2006
G.Baxter,CB,CLE,3009594.0,2006
A.Henry,CB,DAL,2804840.0,2006
A.Winfield,CB,MIN,4800000.0,2006
B.Westbrook,RB,PHI,3586980.0,2006
F.Taylor,RB,JAX,3150000.0,2006
J.Horn,WR,NO,3335000.0,2006
D.Bledsoe,QB,DAL,4004290.0,2006
K.Brooking,LB,ATL,5050000.0,2006
D.Driver,WR,GB,5255720.0,2006
M.McCree,S,SD,4588080.0,2006
A.Schobel,DE,BUF,3000440.0,2006
J.Delhomme,QB,CAR,4785000.0,2006
B.Roethlisberger,QB,PIT,659460.0,2006
P.Sirmon,LB,TEN,2405830.0,2006
F.Smoot,CB,MIN,852941.0,2006
M.Stroud,DT,JAX,3185000.0,2006
D.Mason,WR,BAL,3001540.0,2006
C.Okeafor,DE,ARI,3501210.0,2006
S.Taylor,S,WAS,1215000.0,2006
T.James,CB,CIN,3376320.0,2006
S.Payne,DT,HOU,2805500.0,2006
G.Hayes,LB,ARI,4224130.0,2006
J.Shockey,TE,NYG,8400000.0,2006
J.Farrior,LB,PIT,2903080.0,2006
F.Thomas,CB,NO,2900000.0,2006
D.Dockett,DT,ARI,3926210.0,2006
S.Quarles,LB,TB,2306160.0,2006
A.Boldin,WR,ARI,6751210.0,2006
O.Roye,DE,CLE,6044510.0,2006
A.Crumpler,TE,ATL,5754180.0,2006
M.McKenzie,CB,NO,2625000.0,2006
M.Greenwood,LB,HOU,2611000.0,2006
P.Burress,WR,NYG,5605000.0,2006
K.Vanden,DE,TEN,7555390.0,2006
K.Lucas,CB,CAR,7100000.0,2006
K.Jenkins,DT,CAR,2715000.0,2006
D.Bennett,WR,TEN,2405610.0,2006
E.Parker,WR,SD,4454950.0,2006
D.Barrett,CB,NYJ,3055000.0,2006
R.Sims,DT,KC,1667000.0,2006
T.Newman,CB,DAL,865647.0,2006
T.McGee,CB,BUF,2875000.0,2006
J.Thornton,DT,CIN,3250000.0,2006
D.O'Neal,CB,CIN,2971250.0,2006
D.Jackson,WR,SEA,2500440.0,2006
W.Heller,TE,SEA,503520.0,2006
E.Hartwell,LB,ATL,6717300.0,2006
J.Lynch,S,DEN,3504290.0,2006
W.Witherspoon,LB,STL,1.100396E7,2006
L.Sheppard,CB,PHI,615000.0,2006
K.Bell,LB,KC,5878960.0,2006
K.Carter,DE,MIA,4000000.0,2006
G.Wesley,S,KC,2900000.0,2006
D.Hall,CB,ATL,1655440.0,2006
O.Umenyiora,DE,NYG,1.015E7,2006
P.Surtain,CB,KC,7087090.0,2006
J.Green,DE,NE,3089840.0,2006
P.Williams,DT,MIN,2500000.0,2006
A.Pierce,LB,NYG,5600000.0,2006
E.Hicks,DE,KC,2550000.0,2006
D.Sharper,S,MIN,2000000.0,2006
B.Kelly,CB,TB,2801760.0,2006
K.Winslow,TE,CLE,547450.0,2006
E.Kennison,WR,KC,2100000.0,2006
R.Brock,DT,IND,9954840.0,2006
B.Simmons,LB,CIN,2940000.0,2006
M.Vrabel,LB,NE,2000440.0,2006
J.Ferguson,DT,DAL,1879620.0,2006
D.Foster,RB,CAR,5504290.0,2006
L.Glover,DT,STL,5504180.0,2006
D.Northcutt,WR,CLE,2750000.0,2006
B.Stokley,WR,IND,4505280.0,2006
A.Bryant,WR,SF,6452941.0,2006
C.Haggans,LB,PIT,2202640.0,2006
S.Williams,RB,BUF,429290.0,2006
E.Barton,LB,NYJ,2500000.0,2006
D.Grant,S,JAX,2554400.0,2006
A.Elam,S,DAL,279840.0,2006
D.Branch,WR,SEA,8976471.0,2006
A.Vinatieri,K,IND,4482200.0,2006
D.Rayner,K,GB,353740.0,2006
D.Akers,K,PHI,1805170.0,2006
J.Elam,K,DEN,1800000.0,2006
J.Hanson,K,DET,1351320.0,2006
J.Feely,K,NYG,850000.0,2006
J.Reed,K,PIT,1253080.0,2006
J.Wilkins,K,STL,810440.0,2006
J.Nedney,K,SF,2338190.0,2006
J.Carney,K,NO,811210.0,2006
J.Hall,K,WAS,1504510.0,2006
J.Kasay,K,CAR,1305170.0,2006
J.Brown,K,SEA,725560.0,2006
J.Scobee,K,JAX,427640.0,2006
K.Brown,K,HOU,1204620.0,2006
L.Tynes,K,KC,428850.0,2006
M.Gramatica,K,DAL,172059.0,2006
M.Bryant,K,TB,2306160.0,2006
M.Stover,K,BAL,903960.0,2006
M.Nugent,K,NYJ,829400.0,2006
M.Andersen,K,ATL,714706.0,2006
N.Kaeding,K,SD,2929620.0,2006
N.Rackers,K,ARI,1804290.0,2006
O.Mare,K,MIA,1400000.0,2006
P.Dawson,K,CLE,1754620.0,2006
R.Lindell,K,BUF,1304620.0,2006
R.Bironas,K,TEN,380720.0,2006
R.Gould,K,CHI,354400.0,2006
R.Longwell,K,MIN,3711650.0,2006
S.Janikowski,K,OAK,1100000.0,2006
S.Suisham,K,DAL,102941.0,2006
S.Graham,K,CIN,903300.0,2006
S.Gostkowski,K,NE,700000.0,2006
P.Williams,DT,MIN,6750000.0,2007
J.Peppers,DE,CAR,7685000.0,2007
C.Palmer,QB,CIN,7250000.0,2007
B.Favre,QB,GB,1.100048E7,2007
N.Clements,CB,SF,1.11E7,2007
E.Manning,QB,NYG,6450000.0,2007
T.Owens,WR,DAL,8000000.0,2007
J.Taylor,DE,MIA,7502880.0,2007
R.Lewis,LB,BAL,6500000.0,2007
C.McAlister,CB,BAL,6500360.0,2007
P.Surtain,CB,KC,7000000.0,2007
A.Schobel,DE,BUF,3500840.0,2007
M.Hasselbeck,QB,SEA,6004320.0,2007
M.Bulger,QB,STL,1.750204E7,2007
P.Rivers,QB,SD,5005760.0,2007
Q.Jammer,CB,SD,7254320.0,2007
D.McNabb,QB,PHI,5504080.0,2007
M.Harrison,WR,IND,4000000.0,2007
P.Manning,QB,IND,1.100384E7,2007
M.Leinart,QB,ARI,1.033992E7,2007
Z.Thomas,LB,MIA,5650000.0,2007
K.Brooking,LB,ATL,5650000.0,2007
A.Samuel,CB,NE,7790000.0,2007
T.Holt,WR,STL,5500000.0,2007
N.Barnett,LB,GB,1.1475E7,2007
C.Ochocinco,WR,CIN,2750000.0,2007
K.Bulluck,LB,TEN,5002280.0,2007
B.Young,DE,SF,4256240.0,2007
D.Robertson,DT,NYJ,6000000.0,2007
S.Springs,CB,WAS,4875000.0,2007
T.Brady,QB,NE,6005160.0,2007
C.Chambers,WR,MIA,5400000.0,2007
L.Briggs,LB,CHI,7206000.0,2007
J.Kearse,DE,PHI,5325000.0,2007
D.Smith,LB,JAX,1.051432E7,2007
L.Tomlinson,RB,SD,5001200.0,2007
E.James,RB,ARI,5250840.0,2007
D.Brees,QB,NO,3000000.0,2007
C.Pennington,QB,NYJ,4000000.0,2007
M.Strahan,DE,NYG,4502160.0,2007
S.Ellis,DE,NYJ,4500000.0,2007
R.Seymour,DT,NE,706720.0,2007
F.Taylor,RB,JAX,5000480.0,2007
K.Gbaja-Biamila,DE,GB,5005520.0,2007
J.Abraham,DE,ATL,4002760.0,2007
R.Colvin,LB,NE,4605160.0,2007
W.Sapp,DT,OAK,4900000.0,2007
K.Curtis,WR,PHI,8003120.0,2007
J.Peterson,LB,SEA,4001920.0,2007
W.Dunn,RB,ATL,3254680.0,2007
J.Delhomme,QB,CAR,7400000.0,2007
C.Griffin,DT,WAS,4200000.0,2007
C.Kelsay,DE,BUF,1.21E7,2007
A.Haynesworth,DT,TEN,5558014.0,2007
M.Washington,LB,WAS,4000000.0,2007
D.Branch,WR,SEA,9381920.0,2007
C.Bailey,CB,DEN,6004575.0,2007
R.Wayne,WR,IND,3380000.0,2007
B.Urlacher,LB,CHI,4000000.0,2007
D.McAllister,RB,NO,3700000.0,2007
W.Witherspoon,LB,STL,4002160.0,2007
T.Suggs,DE,BAL,5000000.0,2007
D.Freeney,DE,IND,3.075E7,2007
D.Driver,WR,GB,4056720.0,2007
S.Alexander,RB,SEA,3400480.0,2007
A.Henry,CB,DAL,3604800.0,2007
H.Ward,WR,PIT,3588840.0,2007
A.Ogunleye,DE,CHI,3904200.0,2007
J.David,CB,NO,6502760.0,2007
L.Fitzgerald,WR,ARI,3582040.0,2007
A.Smith,DE,PIT,9506240.0,2007
S.McNair,QB,BAL,4001200.0,2007
C.Tillman,CB,CHI,1.210472E7,2007
L.Jordan,RB,OAK,4001440.0,2007
T.Green,QB,MIA,6000000.0,2007
R.Hayward,DE,JAX,4504320.0,2007
S.Phillips,LB,SD,1.11E7,2007
A.Harris,CB,GB,4356720.0,2007
K.Carter,DE,TB,5203361.0,2007
S.Rolle,CB,BAL,3000360.0,2007
W.McGinest,LB,CLE,4000000.0,2007
A.Archuleta,S,CHI,5098600.0,2007
R.Geathers,DE,CIN,1.4E7,2007
T.Law,CB,KC,5000000.0,2007
B.Berry,DE,ARI,4005280.0,2007
P.Tinoisamoa,LB,STL,4004200.0,2007
K.Warner,QB,ARI,4003480.0,2007
A.Winfield,CB,MIN,5000000.0,2007
I.Taylor,CB,PIT,5028840.0,2007
G.Spires,DE,TB,4505760.0,2007
T.Williamson,WR,MIN,435000.0,2007
M.Rucker,DE,CAR,2443140.0,2007
P.Burress,WR,NYG,3295000.0,2007
T.Heap,TE,BAL,2701680.0,2007
K.Vanden,DE,TEN,3646600.0,2007
M.Huff,S,OAK,1.106336E7,2007
B.Wade,WR,MIN,4000000.0,2007
D.Bly,CB,DEN,8400000.0,2007
B.Scott,LB,BAL,2601440.0,2007
M.Greenwood,LB,HOU,3364000.0,2007
A.Toomer,WR,NYG,3153960.0,2007
R.Johnson,RB,CIN,3750000.0,2007
K.Jenkins,DT,CAR,3375000.0,2007
A.Crumpler,TE,ATL,2929920.0,2007
D.Hall,CB,ATL,3110840.0,2007
D.White,DE,DET,1.26054E7,2007
G.Hayes,LB,ARI,4604800.0,2007
T.Spikes,LB,PHI,4600000.0,2007
R.Mahe,RB,PHI,563250.0,2007
A.Pierce,LB,NYG,3250000.0,2007
T.Gonzalez,TE,KC,1.100096E7,2007
M.McKenzie,CB,NO,3125000.0,2007
O.Roye,DE,CLE,2910690.0,2007
R.Bernard,DT,SEA,3002400.0,2007
D.Northcutt,WR,JAX,5500000.0,2007
T.Jones,RB,NYJ,9000000.0,2007
J.Henderson,DT,JAX,3205000.0,2007
K.Bell,LB,KC,3087500.0,2007
C.Redding,DT,DET,1.3625E7,2007
I.Gold,LB,DEN,2904130.0,2007
D.Barrett,CB,NYJ,3600000.0,2007
B.Kelly,CB,TB,3600480.0,2007
L.Little,DE,STL,2903240.0,2007
D.Mason,WR,BAL,3001200.0,2007
T.McGee,CB,BUF,3375000.0,2007
J.Thornton,DT,CIN,3750000.0,2007
J.Shockey,TE,NYG,1595000.0,2007
C.Hampton,NT,PIT,4360000.0,2007
I.Bruce,WR,STL,4000000.0,2007
K.Lucas,CB,CAR,3300000.0,2007
S.Cooper,LB,SD,4004680.0,2007
J.Farrior,LB,PIT,3001920.0,2007
A.Green,RB,HOU,8005280.0,2007
D.Foster,RB,CAR,4255160.0,2007
R.Barber,CB,TB,6004320.0,2007
T.Pryce,DT,BAL,7000240.0,2007
M.Schaub,QB,HOU,8000000.0,2007
O.Umenyiora,DE,NYG,1445000.0,2007
D.Howard,DE,PHI,2000960.0,2007
S.Smith,DE,CLE,3000000.0,2007
E.Barton,LB,NYJ,3250000.0,2007
R.Brock,DT,IND,2539320.0,2007
M.Peterson,LB,JAX,3803840.0,2007
F.Robbins,DT,NYG,3250000.0,2007
A.Kampman,DE,GB,2006720.0,2007
M.Vrabel,LB,NE,2550840.0,2007
B.Edwards,WR,CLE,1529750.0,2007
C.Woodson,CB,GB,3256720.0,2007
A.Johnson,WR,HOU,7855280.0,2007
D.Dockett,DT,ARI,4014800.0,2007
A.Boldin,WR,ARI,2003480.0,2007
L.Glover,DT,STL,3002640.0,2007
T.Holt,S,ARI,4002520.0,2007
D.Burgess,DE,OAK,3000480.0,2007
L.Coles,WR,NYJ,3000000.0,2007
A.Wilson,S,ARI,3254800.0,2007
R.Mathis,DE,IND,5490000.0,2007
A.Rolle,CB,ARI,2433000.0,2007
C.Portis,RB,WAS,4500000.0,2007
G.Wesley,S,KC,3081250.0,2007
A.Gates,TE,SD,2626920.0,2007
L.Tripplett,DT,BUF,2687280.0,2007
D.Stallworth,WR,NE,9606720.0,2007
C.Jenkins,DE,GB,6760000.0,2007
D.Brooks,LB,TB,3003480.0,2007
C.Haggans,LB,PIT,2466920.0,2007
M.Booker,WR,MIA,3703000.0,2007
J.McCareins,WR,NYJ,2400000.0,2007
S.Rogers,DT,DET,1504920.0,2007
R.Bush,RB,NO,1.337596E7,2007
J.Ferguson,DT,DAL,2004440.0,2007
W.Parker,RB,PIT,2678360.0,2007
N.Burleson,WR,SEA,2752880.0,2007
J.Garcia,QB,TB,5003360.0,2007
D.Jackson,WR,SF,3500000.0,2007
J.Lewis,RB,CLE,3500000.0,2007
T.Glenn,WR,DAL,5870000.0,2007
B.Keisel,DE,PIT,2653840.0,2007
R.Brown,RB,MIA,984133.0,2007
F.Bryant,CB,DET,2253360.0,2007
A.Vinatieri,K,IND,1374800.0,2007
D.Rayner,K,SD,409412.0,2007
D.Akers,K,PHI,805280.0,2007
J.Elam,K,DEN,2245000.0,2007
J.Hanson,K,DET,1650480.0,2007
J.Feely,K,MIA,1825000.0,2007
J.Reed,K,PIT,1456240.0,2007
J.Wilkins,K,STL,821800.0,2007
J.Nedney,K,SF,1012420.0,2007
J.Carney,K,KC,771765.0,2007
J.Kasay,K,CAR,1504680.0,2007
J.Brown,K,SEA,2078960.0,2007
J.Scobee,K,JAX,3702400.0,2007
K.Brown,K,HOU,1355760.0,2007
L.Tynes,K,NYG,650840.0,2007
M.Crosby,K,GB,378950.0,2007
M.Bryant,K,TB,1105880.0,2007
M.Stover,K,BAL,1004200.0,2007
M.Nugent,K,NYJ,440880.0,2007
M.Andersen,K,ATL,740529.0,2007
N.Kaeding,K,SD,1603600.0,2007
N.Rackers,K,ARI,805280.0,2007
N.Folk,K,DAL,393000.0,2007
O.Mare,K,NO,1502880.0,2007
P.Dawson,K,CLE,1005880.0,2007
R.Lindell,K,BUF,3204200.0,2007
R.Bironas,K,TEN,466480.0,2007
R.Gould,K,CHI,439560.0,2007
R.Longwell,K,MIN,822520.0,2007
S.Janikowski,K,OAK,1350480.0,2007
S.Suisham,K,WAS,441600.0,2007
S.Graham,K,CIN,599080.0,2007
S.Gostkowski,K,NE,365640.0,2007
P.Manning,QB,IND,1.150432E7,2008
T.Brady,QB,NE,8001320.0,2008
J.Peppers,DE,CAR,1.1735E7,2008
C.Palmer,QB,CIN,7750000.0,2008
E.Manning,QB,NYG,9950000.0,2008
C.Bailey,CB,DEN,8003050.0,2008
M.Harrison,WR,IND,7600000.0,2008
B.Favre,QB,NYJ,1.2E7,2008
J.Delhomme,QB,CAR,6190000.0,2008
C.McAlister,CB,BAL,8000240.0,2008
D.Klecko,DT,PHI,1.064172E7,2008
L.Evans,WR,BUF,1.1818812E7,2008
M.Hamilton,CB,CHI,1.0295E7,2008
M.Hasselbeck,QB,SEA,6754200.0,2008
N.Asomugha,CB,OAK,9765000.0,2008
B.Berrian,WR,MIN,1.3705E7,2008
D.Garrard,QB,JAX,9706720.0,2008
R.Lewis,LB,BAL,6500240.0,2008
D.McNabb,QB,PHI,6301920.0,2008
T.Holt,WR,STL,7000000.0,2008
A.Samuel,CB,PHI,1.4145E7,2008
M.Bulger,QB,STL,7002400.0,2008
D.Brees,QB,NO,5000000.0,2008
B.Sanders,S,IND,7105000.0,2008
A.Schobel,DE,BUF,7156889.0,2008
A.Johnson,WR,HOU,1.1175E7,2008
J.Abraham,DE,ATL,6001920.0,2008
T.Suggs,DE,BAL,8475000.0,2008
P.Williams,DT,MIN,7489584.0,2008
P.Surtain,CB,KC,6000000.0,2008
C.Tillman,CB,CHI,6800000.0,2008
K.Dansby,LB,ARI,8066680.0,2008
J.Allen,DE,MIN,2.1119256E7,2008
B.Edwards,WR,CLE,5450000.0,2008
B.Roethlisberger,QB,PIT,2.770192E7,2008
K.Brooking,LB,ATL,5750000.0,2008
K.Bulluck,LB,TEN,6253720.0,2008
L.Tomlinson,RB,SD,5750720.0,2008
D.Strickland,CB,SF,7767500.0,2008
K.Gbaja-Biamila,DE,GB,7255400.0,2008
P.Rivers,QB,SD,9380040.0,2008
J.Taylor,DE,WAS,8305760.0,2008
S.Springs,CB,WAS,5000000.0,2008
J.Porter,LB,MIA,5200000.0,2008
J.Peterson,LB,SEA,5001800.0,2008
A.Haynesworth,DT,TEN,7250003.0,2008
L.Fitzgerald,WR,ARI,1.710348E7,2008
L.Castillo,DE,SD,1.120588E7,2008
M.Williams,DE,HOU,3981720.0,2008
R.Seymour,DT,NE,836720.0,2008
T.Polamalu,S,PIT,4625000.0,2008
R.Mathis,DE,IND,4410000.0,2008
D.Branch,WR,SEA,4164680.0,2008
E.James,RB,ARI,5250840.0,2008
H.Ward,WR,PIT,5453840.0,2008
R.Wayne,WR,IND,4160000.0,2008
S.Phillips,LB,SD,5700000.0,2008
D.Florence,CB,JAX,9005280.0,2008
J.Lewis,RB,CLE,6500000.0,2008
M.Washington,LB,WAS,4425000.0,2008
C.Ochocinco,WR,CIN,3550000.0,2008
A.Ogunleye,DE,CHI,4704080.0,2008
C.Griffin,DT,WAS,4200000.0,2008
R.Brown,RB,MIA,9332274.0,2008
C.Portis,RB,WAS,1.043494E7,2008
T.Harris,DT,CHI,1.19262E7,2008
R.Moss,WR,NE,1.400672E7,2008
K.Warner,QB,ARI,8004320.0,2008
L.Coles,WR,NYJ,5000000.0,2008
L.Little,DE,STL,833960.0,2008
K.Lucas,CB,CAR,5400000.0,2008
K.Jenkins,DT,NYJ,9500000.0,2008
P.Burress,WR,NYG,7850000.0,2008
J.Kitna,QB,DET,5000000.0,2008
C.Chambers,WR,SD,5703840.0,2008
W.Witherspoon,LB,STL,4003120.0,2008
D.Freeney,DE,IND,752400.0,2008
M.Schaub,QB,HOU,5000000.0,2008
B.Urlacher,LB,CHI,4139285.0,2008
T.Owens,WR,DAL,1.373156E7,2008
A.Odom,DE,CIN,1.28E7,2008
A.Winfield,CB,MIN,5700000.0,2008
D.Driver,WR,GB,5231720.0,2008
M.Stroud,DT,BUF,5252040.0,2008
L.Johnson,RB,KC,3600000.0,2008
A.Henry,CB,DAL,3605760.0,2008
T.Jones,RB,NYJ,4100000.0,2008
B.Scott,LB,BAL,3402640.0,2008
N.Clements,CB,SF,3883334.0,2008
M.McKenzie,CB,NO,4125000.0,2008
M.Greenwood,LB,HOU,4217000.0,2008
L.Briggs,LB,CHI,8805000.0,2008
A.Thomas,LB,NE,1006720.0,2008
C.Okeafor,DE,ARI,4504440.0,2008
C.Hampton,NT,PIT,4100960.0,2008
M.Williams,S,MIN,8705000.0,2008
S.Ellis,DE,NYJ,3077059.0,2008
A.Pierce,LB,NYG,4000000.0,2008
T.Pryce,DT,BAL,3000240.0,2008
N.Vasher,CB,CHI,3300000.0,2008
A.Toomer,WR,NYG,3800120.0,2008
A.Harris,CB,GB,4306720.0,2008
A.Kampman,DE,GB,3106720.0,2008
R.Curry,WR,OAK,4502520.0,2008
R.Bernard,DT,SEA,3539420.0,2008
R.Bush,RB,NO,7053960.0,2008
T.Gonzalez,TE,KC,1500840.0,2008
J.Garcia,QB,TB,5255280.0,2008
R.Hood,CB,ARI,4502520.0,2008
C.Kelsay,DE,BUF,3000000.0,2008
G.Warren,DT,OAK,5000000.0,2008
J.Porter,WR,JAX,7500000.0,2008
F.Taylor,RB,JAX,5200000.0,2008
C.Redding,DT,DET,3150000.0,2008
C.Woodson,CB,GB,4356720.0,2008
M.Peterson,LB,JAX,4606240.0,2008
J.Russell,QB,OAK,1.68724E7,2008
D.Edwards,LB,KC,3752520.0,2008
A.Hawk,LB,GB,3656720.0,2008
D.Thornton,LB,TEN,3506240.0,2008
F.Gore,RB,SF,2662000.0,2008
A.Smith,DE,PIT,3255760.0,2008
D.Bennett,WR,STL,3505160.0,2008
A.Wilson,S,ARI,4000360.0,2008
R.Brock,DT,IND,3120480.0,2008
J.Thornton,DT,CIN,4000000.0,2008
V.Holliday,DE,MIA,3350000.0,2008
K.Winslow,TE,CLE,5607500.0,2008
T.Romo,QB,DAL,1.28866E7,2008
T.Warren,DT,NE,1454680.0,2008
D.Bly,CB,DEN,1.04E7,2008
L.Smith,TE,PHI,4023320.0,2008
L.Glover,DT,STL,3501920.0,2008
A.Boldin,WR,ARI,2500960.0,2008
D.Burgess,DE,OAK,3500000.0,2008
A.Green,RB,HOU,5000000.0,2008
D.Mason,WR,BAL,3001800.0,2008
R.Grant,RB,GB,5150720.0,2008
E.Henderson,LB,MIN,2650000.0,2008
D.Sharper,S,MIN,4050000.0,2008
R.Parrish,WR,BUF,3971080.0,2008
R.Hayward,DE,JAX,3500000.0,2008
R.Geathers,DE,CIN,2850000.0,2008
A.Gates,TE,SD,3000840.0,2008
M.Vrabel,LB,NE,3150840.0,2008
C.Grant,DE,NO,9350000.0,2008
D.Graham,TE,DEN,900000.0,2008
C.Williams,RB,TB,3212530.0,2008
T.McGee,CB,BUF,3350000.0,2008
E.Barton,LB,NYJ,3250000.0,2008
J.Witten,TE,DAL,1910760.0,2008
N.Barnett,LB,GB,2900000.0,2008
S.Rolle,CB,BAL,4200480.0,2008
J.Vilma,LB,NO,4197500.0,2008
W.Parker,RB,PIT,3903840.0,2008
P.Willis,LB,SF,2326000.0,2008
J.Farrior,LB,PIT,6802400.0,2008
N.Burleson,WR,SEA,3253720.0,2008
B.Bunkley,DT,PHI,3077920.0,2008
C.Hope,S,TEN,2256240.0,2008
B.Poppinga,LB,GB,4003960.0,2008
M.Lewis,S,SF,4005000.0,2008
J.Ferguson,DT,MIA,4004320.0,2008
P.Tinoisamoa,LB,STL,3004200.0,2008
K.Mitchell,LB,BUF,4003240.0,2008
F.Robbins,DT,NYG,3125000.0,2008
D.Robertson,DT,DEN,4000000.0,2008
C.Pennington,QB,MIA,5750000.0,2008
V.Young,QB,TEN,7227520.0,2008
D.White,DE,DET,3006240.0,2008
A.Davis,WR,HOU,6506720.0,2008
R.Barber,CB,TB,3652400.0,2008
D.Revis,CB,NYJ,2670000.0,2008
M.Trufant,CB,SEA,8100000.0,2008
G.Ellis,LB,DAL,3579800.0,2008
J.Tucker,LB,SD,4125640.0,2008
R.McMichael,TE,STL,2901440.0,2008
J.Kleinsasser,TE,MIN,3000000.0,2008
K.Curtis,WR,PHI,3700000.0,2008
C.Lemon,QB,JAX,4311240.0,2008
A.Vinatieri,K,IND,1652880.0,2008
D.Carpenter,K,MIA,302500.0,2008
D.Akers,K,PHI,1135960.0,2008
J.Elam,K,ATL,3331200.0,2008
J.Hanson,K,DET,1650480.0,2008
J.Reed,K,PIT,1430280.0,2008
J.Nedney,K,SF,1244200.0,2008
J.Kasay,K,CAR,1505760.0,2008
J.Brown,K,STL,5002640.0,2008
J.Scobee,K,JAX,855280.0,2008
K.Brown,K,HOU,1410760.0,2008
M.Gramatica,K,NO,775640.0,2008
M.Crosby,K,GB,375880.0,2008
M.Bryant,K,TB,1206240.0,2008
M.Prater,K,DEN,376360.0,2008
M.Stover,K,BAL,1252520.0,2008
N.Kaeding,K,SD,1276800.0,2008
N.Rackers,K,ARI,804320.0,2008
N.Folk,K,DAL,376720.0,2008
N.Novak,K,KC,451120.0,2008
O.Mare,K,SEA,1751440.0,2008
P.Dawson,K,CLE,1252400.0,2008
R.Lloyd,K,CAR,371800.0,2008
R.Lindell,K,BUF,1503720.0,2008
R.Bironas,K,TEN,1423600.0,2008
R.Gould,K,CHI,2620000.0,2008
R.Longwell,K,MIN,1621800.0,2008
S.Janikowski,K,OAK,2625000.0,2008
S.Suisham,K,WAS,526240.0,2008
S.Graham,K,CIN,732760.0,2008
S.Gostkowski,K,NE,450640.0,2008
P.Manning,QB,IND,1.400572E7,2009
J.Peppers,DE,CAR,1.6683E7,2009
D.McNabb,QB,PHI,1.250728E7,2009
M.Cassel,QB,KC,1.50052E7,2009
T.Brady,QB,NE,8007280.0,2009
C.Palmer,QB,CIN,9500000.0,2009
J.Russell,QB,OAK,1.125544E7,2009
B.Roethlisberger,QB,PIT,7751560.0,2009
E.Manning,QB,NYG,2.05E7,2009
R.Bush,RB,NO,7089940.0,2009
B.Favre,QB,MIN,1.2E7,2009
J.Allen,DE,MIN,7755330.0,2009
P.Rivers,QB,SD,2.555663E7,2009
J.Cutler,QB,CHI,1.504409E7,2009
K.Warner,QB,ARI,1.900468E7,2009
D.Freeney,DE,IND,6220520.0,2009
L.Fitzgerald,WR,ARI,4754290.0,2009
D.Brees,QB,NO,1.29895E7,2009
M.Schaub,QB,HOU,1.7E7,2009
B.Urlacher,LB,CHI,6125000.0,2009
A.Samuel,CB,PHI,9000000.0,2009
D.Robinson,CB,HOU,9957000.0,2009
M.Ryan,QB,ATL,7907280.0,2009
A.Bryant,WR,TB,9890760.0,2009
R.Moss,WR,NE,6507280.0,2009
K.Dansby,LB,ARI,9680340.0,2009
A.Rodgers,QB,GB,8600000.0,2009
M.Hasselbeck,QB,SEA,6256240.0,2009
W.Smith,DE,NO,6670000.0,2009
K.Bulluck,LB,TEN,6503120.0,2009
T.Harris,DT,CHI,7790000.0,2009
B.Scott,LB,NYJ,1.15E7,2009
D.Garrard,QB,JAX,8500000.0,2009
D.Anderson,QB,CLE,6450000.0,2009
C.Williams,DT,CLE,7800000.0,2009
J.Delhomme,QB,CAR,6325000.0,2009
A.Schobel,DE,BUF,6997761.0,2009
D.Williams,LB,DEN,8605590.0,2009
C.Johnson,WR,DET,2586495.0,2009
G.Jennings,WR,GB,1.62513E7,2009
R.White,WR,ATL,1.200728E7,2009
L.Castillo,DE,SD,6125000.0,2009
D.Revis,CB,NYJ,6260000.0,2009
A.Johnson,WR,HOU,5525000.0,2009
C.Ochocinco,WR,CIN,4750000.0,2009
J.Tuck,DE,NYG,6150000.0,2009
L.Tomlinson,RB,SD,6731630.0,2009
D.Branch,WR,SEA,4946240.0,2009
D.Harvey,DE,JAX,1.23675E7,2009
J.Abraham,DE,ATL,5007280.0,2009
L.Coles,WR,CIN,9750000.0,2009
M.Williams,DE,HOU,2882280.0,2009
C.Woodson,CB,GB,6507280.0,2009
J.Porter,LB,MIA,5000000.0,2009
C.Webster,CB,NYG,9000000.0,2009
C.Pace,LB,NYJ,1.0E7,2009
P.Kerney,DE,SEA,4006240.0,2009
A.Wilson,S,ARI,6501820.0,2009
T.Suggs,DE,BAL,1.51E7,2009
A.Haynesworth,DT,WAS,1.100728E7,2009
C.Gamble,CB,CAR,1.400546E7,2009
R.Wayne,WR,IND,4940000.0,2009
D.Hester,WR,CHI,5750000.0,2009
S.Ellis,DE,NYJ,4650000.0,2009
D.Clark,TE,IND,3350000.0,2009
B.Westbrook,RB,PHI,4007280.0,2009
L.Briggs,LB,CHI,6100000.0,2009
R.Mathis,DE,IND,4460000.0,2009
K.Hayden,CB,IND,1.748E7,2009
D.Graham,TE,DEN,3400000.0,2009
D.Sproles,RB,SD,6627630.0,2009
L.Evans,WR,BUF,9002600.0,2009
S.Rogers,DT,CLE,7400000.0,2009
C.Hampton,NT,PIT,3175000.0,2009
J.Babineaux,DT,ATL,6007280.0,2009
K.Collins,QB,TEN,8507280.0,2009
J.Peterson,LB,DET,6504810.0,2009
T.Polamalu,S,PIT,4305200.0,2009
A.Ogunleye,DE,CHI,4805200.0,2009
A.Thomas,LB,NE,2007280.0,2009
E.Reed,S,BAL,3604160.0,2009
D.Driver,WR,GB,6107280.0,2009
J.Lewis,RB,CLE,6500000.0,2009
T.Heap,TE,BAL,3600000.0,2009
O.Atogwe,S,STL,6349171.0,2009
T.Kelly,DE,OAK,7001560.0,2009
K.Jenkins,DT,NYJ,5250000.0,2009
B.Berrian,WR,MIN,5495000.0,2009
F.Gore,RB,SF,4350000.0,2009
C.Hope,S,TEN,4007280.0,2009
T.Pryce,DT,BAL,4000000.0,2009
T.Owens,WR,BUF,6250000.0,2009
A.Winfield,CB,MIN,6200000.0,2009
C.Portis,RB,WAS,1252280.0,2009
M.Jones-Drew,RB,JAX,1.31E7,2009
B.Sanders,S,IND,3950000.0,2009
R.Brown,RB,MIA,3608399.0,2009
A.Kampman,DE,GB,4005330.0,2009
N.Asomugha,CB,OAK,1.200156E7,2009
P.Williams,DT,MIN,4600000.0,2009
D.Thornton,LB,TEN,4506760.0,2009
T.Houshmandzadeh,WR,SEA,7506240.0,2009
A.Hawk,LB,GB,3530980.0,2009
K.Hamlin,S,DAL,4310200.0,2009
L.Landry,S,WAS,6085000.0,2009
P.Haralson,LB,SF,5737280.0,2009
D.White,DE,DET,3405850.0,2009
K.Rhodes,S,NYJ,9950000.0,2009
C.Pennington,QB,MIA,5750000.0,2009
M.Jenkins,WR,ATL,4507280.0,2009
J.Harrison,LB,PIT,1.335728E7,2009
H.Ward,WR,PIT,5804680.0,2009
J.Henderson,DT,JAX,4400000.0,2009
N.Clements,CB,SF,4016666.0,2009
I.Taylor,CB,PIT,3754680.0,2009
A.Pierce,LB,NYG,4350000.0,2009
J.Allen,S,MIA,5506240.0,2009
C.Kelsay,DE,BUF,3600000.0,2009
M.Stroud,DT,BUF,6502080.0,2009
B.Jacobs,RB,NYG,1.150611E7,2009
C.Canty,DE,NYG,1.225E7,2009
C.Okeafor,DE,ARI,4500000.0,2009
M.Williams,S,MIN,4720000.0,2009
C.Grant,DE,NO,2100000.0,2009
D.Hall,CB,WAS,6507280.0,2009
C.Chambers,WR,KC,4556630.0,2009
J.Williams,DT,SD,4906630.0,2009
R.Brock,DT,IND,3705520.0,2009
A.Odom,DE,CIN,3500000.0,2009
K.Winslow,TE,TB,5176760.0,2009
O.Umenyiora,DE,NYG,3050000.0,2009
A.Rolle,CB,ARI,3568250.0,2009
M.Clayton,WR,TB,7506760.0,2009
D.Culpepper,QB,DET,5050000.0,2009
S.Moss,WR,WAS,7031500.0,2009
D.Foxworth,CB,BAL,8006240.0,2009
R.Lewis,LB,BAL,1.000624E7,2009
B.Keisel,DE,PIT,7255720.0,2009
L.Hill,LB,SEA,5003120.0,2009
B.McFadden,CB,ARI,5000000.0,2009
M.Lewis,S,SF,5000000.0,2009
T.McGee,CB,BUF,6375000.0,2009
E.Henderson,LB,MIN,3300000.0,2009
J.Flacco,QB,BAL,8601760.0,2009
V.Davis,TE,SF,2540000.0,2009
N.Vasher,CB,CHI,2950000.0,2009
S.Ellis,DT,NO,9366000.0,2009
D.Rodgers-Cromartie,CB,ARI,8085000.0,2009
R.Mathis,CB,JAX,3500000.0,2009
A.Harris,CB,GB,4200000.0,2009
A.Boldin,WR,ARI,2750000.0,2009
G.Dorsey,DT,KC,1.307E7,2009
J.Witten,TE,DAL,2506110.0,2009
N.Barnett,LB,GB,3400000.0,2009
H.Miller,TE,PIT,7216240.0,2009
C.Tillman,CB,CHI,3300000.0,2009
D.McFadden,RB,OAK,5391760.0,2009
V.Young,QB,TEN,2167280.0,2009
R.McMichael,TE,STL,3607280.0,2009
B.Leber,LB,MIN,4000000.0,2009
T.Romo,QB,DAL,625980.0,2009
S.Merriman,LB,SD,2978630.0,2009
W.Parker,RB,PIT,3604680.0,2009
T.Gonzalez,TE,ATL,4507280.0,2009
H.Farwell,LB,MIN,4505330.0,2009
D.Peko,DT,CIN,3400000.0,2009
J.Vilma,LB,NO,9300000.0,2009
V.Gholston,LB,NYJ,9186240.0,2009
B.Scaife,TE,TEN,4466680.0,2009
J.Johnson,LB,BAL,3290651.0,2009
A.Gates,TE,SD,3256630.0,2009
Y.Bell,S,MIA,8600000.0,2009
R.Geathers,DE,CIN,2600000.0,2009
N.Harper,CB,TEN,3407280.0,2009
D.Mason,WR,BAL,3004160.0,2009
R.Grant,RB,GB,4250000.0,2009
L.Fletcher,LB,WAS,2250000.0,2009
C.Hovan,DT,TB,3006760.0,2009
P.Buchanon,CB,DET,4505720.0,2009
K.Faulk,RB,NE,3507280.0,2009
A.Vinatieri,K,IND,2255720.0,2009
D.Carpenter,K,MIA,391240.0,2009
D.Akers,K,PHI,1407280.0,2009
D.Buehler,K,DAL,458500.0,2009
G.Hartley,K,NO,390590.0,2009
J.Elam,K,ATL,1707280.0,2009
J.Hanson,K,DET,4106890.0,2009
J.Feely,K,NYJ,1500000.0,2009
J.Reed,K,PIT,1381240.0,2009
J.Nedney,K,SF,2479780.0,2009
J.Carney,K,NO,895000.0,2009
J.Kasay,K,CAR,1505980.0,2009
J.Scobee,K,JAX,1681630.0,2009
K.Brown,K,HOU,3907280.0,2009
L.Tynes,K,NYG,1080000.0,2009
M.Crosby,K,GB,465850.0,2009
M.Prater,K,DEN,465720.0,2009
M.Stover,K,IND,845000.0,2009
N.Kaeding,K,SD,1456630.0,2009
N.Rackers,K,ARI,1104550.0,2009
N.Folk,K,DAL,467280.0,2009
O.Mare,K,SEA,1756240.0,2009
P.Dawson,K,CLE,1151430.0,2009
R.Lloyd,K,CAR,461560.0,2009
R.Lindell,K,BUF,1344160.0,2009
R.Bironas,K,TEN,4806760.0,2009
R.Gould,K,CHI,2905070.0,2009
R.Longwell,K,MIN,1855330.0,2009
R.Succop,K,KC,335250.0,2009
S.Janikowski,K,OAK,2001560.0,2009
S.Graham,K,CIN,2484690.0,2009
S.Gostkowski,K,NE,1017280.0,2009
